,queued_idle_dist,st_dev_queued_idle_dist
0,12.014298090517482,1.933396247961041